댐코드,댐이름,유입량성능등급,입력변수세트,방류량모델,유입량예측모델,학습행수,평가행수,전체_기준선_MAE,전체_모델_MAE,전체_개선율(%),전체_모델_R2
1003110,충주댐,부진,기본변수,GradientBoosting,XGBoost,17472,8760,22.13576484018265,26.34992344853288,-19.037781792388518,-0.5701170175803405
1003110,충주댐,부진,기본변수,RandomForest,XGBoost,17472,8760,22.13576484018265,32.07561428793479,-44.904025316118805,-0.724377141710641
1003110,충주댐,부진,기본변수,XGBoost,XGBoost,17472,8760,22.13576484018265,25.19779119281355,-13.832936764274173,-0.32042890162862747
1003110,충주댐,부진,예측유입량포함,GradientBoosting,XGBoost,17472,8760,22.13576484018265,25.59334733594773,-15.619891703441818,-0.4369955730878279
1003110,충주댐,부진,예측유입량포함,RandomForest,XGBoost,17472,8760,22.13576484018265,32.12924601230999,-45.14631070703443,-0.7661402402550557
1003110,충주댐,부진,예측유입량포함,XGBoost,XGBoost,17472,8760,22.13576484018265,25.299966888878444,-14.294523236675685,-0.3084394249658535
1006110,횡성댐,양호,기본변수,GradientBoosting,XGBoost,17472,8760,0.20856198630136985,0.8281464432372854,-297.07448990278726,0.810229977721375
1006110,횡성댐,양호,기본변수,RandomForest,XGBoost,17472,8760,0.20856198630136985,0.8957447950788241,-329.4861259062246,0.8345546489798632
1006110,횡성댐,양호,기본변수,XGBoost,XGBoost,17472,8760,0.20856198630136985,0.7590616939554475,-263.9501653281204,0.8622313623109426
1006110,횡성댐,양호,예측유입량포함,GradientBoosting,XGBoost,17472,8760,0.20856198630136985,0.8865782502803491,-325.09100819516215,0.7702337761924265
1006110,횡성댐,양호,예측유입량포함,RandomForest,XGBoost,17472,8760,0.20856198630136985,0.8342461820008823,-299.99915458966024,0.8590089371177366
1006110,횡성댐,양호,예측유입량포함,XGBoost,XGBoost,17472,8760,0.20856198630136985,0.8473471782610298,-306.2807385410216,0.8271102901427126
1012110,소양강댐,부진,기본변수,GradientBoosting,XGBoost,17472,8760,14.51364611872146,15.34037508798691,-5.6962183210394945,0.027325785830593974
1012110,소양강댐,부진,기본변수,RandomForest,XGBoost,17472,8760,14.51364611872146,17.101861292965534,-17.83297700021416,0.060803941231370895
1012110,소양강댐,부진,기본변수,XGBoost,XGBoost,17472,8760,14.51364611872146,15.322120763213121,-5.570444792978601,0.048776175134018884
1012110,소양강댐,부진,예측유입량포함,GradientBoosting,XGBoost,17472,8760,14.51364611872146,15.339557169176741,-5.690582805308448,0.028762208441328596
1012110,소양강댐,부진,예측유입량포함,RandomForest,XGBoost,17472,8760,14.51364611872146,17.169675615763804,-18.30022225508361,0.05095633148072021
1012110,소양강댐,부진,예측유입량포함,XGBoost,XGBoost,17472,8760,14.51364611872146,15.270954937117521,-5.217908802524761,0.04600012748867388
2001110,안동댐,주의,기본변수,GradientBoosting,XGBoost,17221,8760,31.34787100456621,23.006756655787033,26.60823233438784,0.28803826108321584
2001110,안동댐,주의,기본변수,RandomForest,XGBoost,17221,8760,31.34787100456621,24.55707727310782,21.66269514911946,0.1510989045030494
2001110,안동댐,주의,기본변수,XGBoost,XGBoost,17221,8760,31.34787100456621,23.834125124241652,23.96891922654041,0.25869260437409447
2001110,안동댐,주의,예측유입량포함,GradientBoosting,XGBoost,17221,8760,31.34787100456621,23.664761219474876,24.509191657615894,0.27230235990842
2001110,안동댐,주의,예측유입량포함,RandomForest,XGBoost,17221,8760,31.34787100456621,24.404473884733424,22.149501377051706,0.16028097033018063
2001110,안동댐,주의,예측유입량포함,XGBoost,XGBoost,17221,8760,31.34787100456621,23.675060034468725,24.4763383420196,0.27221338079460666
2002110,임하댐,양호,기본변수,GradientBoosting,GradientBoosting,17303,8760,9.903031392694063,9.950797240011033,-0.4823356144484159,0.05406751785067454
2002110,임하댐,양호,기본변수,RandomForest,GradientBoosting,17303,8760,9.903031392694063,10.443414243987077,-5.456741777994162,-0.0009620549512328047
2002110,임하댐,양호,기본변수,XGBoost,GradientBoosting,17303,8760,9.903031392694063,9.766547714805112,1.3782010020652962,0.1436524023699296
2002110,임하댐,양호,예측유입량포함,GradientBoosting,GradientBoosting,17303,8760,9.903031392694063,9.822088616546406,0.8173535247739595,0.06913115166011252
2002110,임하댐,양호,예측유입량포함,RandomForest,GradientBoosting,17303,8760,9.903031392694063,10.47729006182053,-5.798817012234502,-0.01258377826452639
2002110,임하댐,양호,예측유입량포함,XGBoost,GradientBoosting,17303,8760,9.903031392694063,9.726680406014667,1.7807778213194176,0.15093341940582183
2002111,성덕댐,양호,기본변수,GradientBoosting,RandomForest,17447,8760,0.005974429223744293,0.06349826866674527,-962.8340597689707,-1.0875155369987435
2002111,성덕댐,양호,기본변수,RandomForest,RandomForest,17447,8760,0.005974429223744293,0.12520870397550193,-1995.7433636987864,-4.396680949898362
2002111,성덕댐,양호,기본변수,XGBoost,RandomForest,17447,8760,0.005974429223744293,0.10260534147511331,-1617.4082683468218,-1.5831400438128451
2002111,성덕댐,양호,예측유입량포함,GradientBoosting,RandomForest,17447,8760,0.005974429223744293,0.063960496737821,-970.5708335052583,-0.8100274994107579
2002111,성덕댐,양호,예측유입량포함,RandomForest,RandomForest,17447,8760,0.005974429223744293,0.10124995220741335,-1594.721761955329,-1.6206204488593232
2002111,성덕댐,양호,예측유입량포함,XGBoost,RandomForest,17447,8760,0.005974429223744293,0.08687834659343982,-1354.1698184013542,-0.594776201595453
2004101,영주댐,양호,기본변수,GradientBoosting,XGBoost,17436,8760,0.1070208904109589,0.31811772425856605,-197.24825035280298,0.9196558347185118
2004101,영주댐,양호,기본변수,RandomForest,XGBoost,17436,8760,0.1070208904109589,1.206388746928433,-1027.2460379426066,0.6937292097289949
2004101,영주댐,양호,기본변수,XGBoost,XGBoost,17436,8760,0.1070208904109589,0.37508866470066926,-250.48172675477974,0.910197411384967
2004101,영주댐,양호,예측유입량포함,GradientBoosting,XGBoost,17436,8760,0.1070208904109589,0.31469489546002893,-194.0499693579491,0.9307001263329422
2004101,영주댐,양호,예측유입량포함,RandomForest,XGBoost,17436,8760,0.1070208904109589,1.2311975541235083,-1050.427313205604,0.6814167005065539
2004101,영주댐,양호,예측유입량포함,XGBoost,XGBoost,17436,8760,0.1070208904109589,0.3786225931679822,-253.7838189479419,0.9013285182716113
2008101,군위댐,양호,기본변수,GradientBoosting,RandomForest,17472,8760,0.016984703196347033,0.061497088444054375,-262.073377044827,0.7407356452191032
2008101,군위댐,양호,기본변수,RandomForest,RandomForest,17472,8760,0.016984703196347033,0.07892694584766455,-364.6942895336533,0.6524574761175654
2008101,군위댐,양호,기본변수,XGBoost,RandomForest,17472,8760,0.016984703196347033,0.04422161779232222,-160.36143982682688,0.8241200067673702
2008101,군위댐,양호,예측유입량포함,GradientBoosting,RandomForest,17472,8760,0.016984703196347033,0.06557013472859868,-286.05405093390806,0.6861047404811462
2008101,군위댐,양호,예측유입량포함,RandomForest,RandomForest,17472,8760,0.016984703196347033,0.07936025733698703,-367.24547623567156,0.5857747450318338
2008101,군위댐,양호,예측유입량포함,XGBoost,RandomForest,17472,8760,0.016984703196347033,0.042778876284867116,-151.8670817519363,0.8245036084065714
2012101,보현산댐,부진,기본변수,GradientBoosting,RandomForest,17472,8760,0.0019863013698630124,0.010821671739475068,-444.8151979184003,-60.13533388455768
2012101,보현산댐,부진,기본변수,RandomForest,RandomForest,17472,8760,0.0019863013698630124,0.010069305591630582,-406.937453923471,-3.2708215377344647
2012101,보현산댐,부진,기본변수,XGBoost,RandomForest,17472,8760,0.0019863013698630124,0.011324165008111627,-470.11313489113735,-7.339525271013713
2012101,보현산댐,부진,예측유입량포함,GradientBoosting,RandomForest,17472,8760,0.0019863013698630124,0.009338876516223482,-370.164128058148,-22.039512941761757
2012101,보현산댐,부진,예측유입량포함,RandomForest,RandomForest,17472,8760,0.0019863013698630124,0.015040826168238142,-657.2278001940587,-34.97634995556562
2012101,보현산댐,부진,예측유입량포함,XGBoost,RandomForest,17472,8760,0.0019863013698630124,0.011554140674523566,-481.6912201656696,-6.154283323261688
2015110,합천댐,우수,기본변수,GradientBoosting,RandomForest,17381,8695,19.741426106958023,13.244338604005765,32.910932917163,0.5001734996789131
2015110,합천댐,우수,기본변수,RandomForest,RandomForest,17381,8695,19.741426106958023,13.334277074981392,32.4553504760144,0.18878316281774865
2015110,합천댐,우수,기본변수,XGBoost,RandomForest,17381,8695,19.741426106958023,13.143135292349033,33.42357729811308,0.5241099754514666
2015110,합천댐,우수,예측유입량포함,GradientBoosting,RandomForest,17381,8695,19.741426106958023,13.051077640507282,33.88989442911966,0.5103312026898257
2015110,합천댐,우수,예측유입량포함,RandomForest,RandomForest,17381,8695,19.741426106958023,13.118153241021155,33.550123633684414,0.25217887390091864
2015110,합천댐,우수,예측유입량포함,XGBoost,RandomForest,17381,8695,19.741426106958023,13.10137261274974,33.6351257413361,0.5242139556578027
2018110,남강댐,우수,기본변수,GradientBoosting,GradientBoosting,16983,8578,11.033608650034973,12.284229637531663,-11.334650585896268,0.8973786940961641
2018110,남강댐,우수,기본변수,RandomForest,GradientBoosting,16983,8578,11.033608650034973,12.881647912639982,-16.749182622125648,0.8392740960548091
2018110,남강댐,우수,기본변수,XGBoost,GradientBoosting,16983,8578,11.033608650034973,12.740039521984299,-15.465754913682908,0.9001037932886605
2018110,남강댐,우수,예측유입량포함,GradientBoosting,GradientBoosting,16983,8578,11.033608650034973,12.2991257117196,-11.469656952901051,0.8974697500255839
2018110,남강댐,우수,예측유입량포함,RandomForest,GradientBoosting,16983,8578,11.033608650034973,13.00922166644107,-17.90541135786826,0.8334481615368834
2018110,남강댐,우수,예측유입량포함,XGBoost,GradientBoosting,16983,8578,11.033608650034973,12.7759380894361,-15.791111454688075,0.899828968923909
2021110,밀양댐,양호,기본변수,GradientBoosting,XGBoost,17472,8760,0.09726563926940639,0.23054176316746916,-137.02282213857097,0.6879896116693156
2021110,밀양댐,양호,기본변수,RandomForest,XGBoost,17472,8760,0.09726563926940639,0.33944989664728986,-248.99261362697823,-0.01547074669161641
2021110,밀양댐,양호,기본변수,XGBoost,XGBoost,17472,8760,0.09726563926940639,0.33325292797436995,-242.62143391802104,-0.2619236015706168
2021110,밀양댐,양호,예측유입량포함,GradientBoosting,XGBoost,17472,8760,0.09726563926940639,0.24667820325843828,-153.61289465767965,0.6278756422936429
2021110,밀양댐,양호,예측유입량포함,RandomForest,XGBoost,17472,8760,0.09726563926940639,0.33462120753769947,-244.02817896550863,0.04741631902310972
2021110,밀양댐,양호,예측유입량포함,XGBoost,XGBoost,17472,8760,0.09726563926940639,0.33436377123109834,-243.76350553249074,-0.26386880542359625
3001110,용담댐,우수,기본변수,GradientBoosting,GradientBoosting,17280,8668,0.8429194739270882,7.997826863703146,-848.8245450590872,0.12846868183474713
3001110,용담댐,우수,기본변수,RandomForest,GradientBoosting,17280,8668,0.8429194739270882,2.034920624076648,-141.41340745114485,0.8107378301547529
3001110,용담댐,우수,기본변수,XGBoost,GradientBoosting,17280,8668,0.8429194739270882,1.9936700890228176,-136.51963807817643,0.8797680317447235
3001110,용담댐,우수,예측유입량포함,GradientBoosting,GradientBoosting,17280,8668,0.8429194739270882,7.88192782141397,-835.0748280488474,0.1559376416312187
3001110,용담댐,우수,예측유입량포함,RandomForest,GradientBoosting,17280,8668,0.8429194739270882,1.9435270174622643,-130.57090001818818,0.8312267834700905
3001110,용담댐,우수,예측유입량포함,XGBoost,GradientBoosting,17280,8668,0.8429194739270882,1.4369885221647678,-70.4775564704851,0.88330906690871
3008110,대청댐,양호,기본변수,GradientBoosting,GradientBoosting,17443,8369,41.12401899868562,38.143789834824425,7.246930714520991,0.30486296095576293
3008110,대청댐,양호,기본변수,RandomForest,GradientBoosting,17443,8369,41.12401899868562,37.11861673443533,9.739812308661541,0.349324956868572
3008110,대청댐,양호,기본변수,XGBoost,GradientBoosting,17443,8369,41.12401899868562,36.35131652630733,11.605632398260573,0.396934461215691
3008110,대청댐,양호,예측유입량포함,GradientBoosting,GradientBoosting,17443,8369,41.12401899868562,37.62419782683426,8.510406465776649,0.3247637047597641
3008110,대청댐,양호,예측유입량포함,RandomForest,GradientBoosting,17443,8369,41.12401899868562,37.78066551872402,8.129928838104219,0.30887329113028894
3008110,대청댐,양호,예측유입량포함,XGBoost,GradientBoosting,17443,8369,41.12401899868562,36.39992360703535,11.48743606942031,0.39080309634931965
3203110,보령댐,양호,기본변수,GradientBoosting,GradientBoosting,17416,8735,0.2974737263880939,0.47198685280981745,-58.66505541200237,0.8987591367598393
3203110,보령댐,양호,기본변수,RandomForest,GradientBoosting,17416,8735,0.2974737263880939,0.6242644170789524,-109.85531215100212,0.8882839641659633
3203110,보령댐,양호,기본변수,XGBoost,GradientBoosting,17416,8735,0.2974737263880939,0.6837544044431306,-129.85371271111265,0.8232842714262125
3203110,보령댐,양호,예측유입량포함,GradientBoosting,GradientBoosting,17416,8735,0.2974737263880939,0.4778932816753736,-60.65058500389997,0.9027138737551716
3203110,보령댐,양호,예측유입량포함,RandomForest,GradientBoosting,17416,8735,0.2974737263880939,0.6651705341257291,-123.60648189074892,0.8826343593144776
3203110,보령댐,양호,예측유입량포함,XGBoost,GradientBoosting,17416,8735,0.2974737263880939,0.7716484275389891,-159.40053157241573,0.7702706310644558
3303110,부안댐,부진,기본변수,GradientBoosting,XGBoost,17472,8760,0.07897397260273971,0.09772337681654349,-23.74124486318843,0.9743897007105866
3303110,부안댐,부진,기본변수,RandomForest,XGBoost,17472,8760,0.07897397260273971,0.09715321402289365,-23.019281949510635,0.9659352038077923
3303110,부안댐,부진,기본변수,XGBoost,XGBoost,17472,8760,0.07897397260273971,0.09154723593170784,-15.920768469144923,0.9756834050985458
3303110,부안댐,부진,예측유입량포함,GradientBoosting,XGBoost,17472,8760,0.07897397260273971,0.09939792705800428,-25.86162729587195,0.973304118618805
3303110,부안댐,부진,예측유입량포함,RandomForest,XGBoost,17472,8760,0.07897397260273971,0.09347526177066211,-18.362111832549918,0.9676548799442843
3303110,부안댐,부진,예측유입량포함,XGBoost,XGBoost,17472,8760,0.07897397260273971,0.0953059140809867,-20.68015694284627,0.973499902053691
4001110,섬진강댐,우수,기본변수,GradientBoosting,GradientBoosting,17353,8664,1.1480491689750694,1.8958229161018876,-65.13429627708364,0.932597591353901
4001110,섬진강댐,우수,기본변수,RandomForest,GradientBoosting,17353,8664,1.1480491689750694,3.2422828756897975,-182.41672598259646,0.9094079577172095
4001110,섬진강댐,우수,기본변수,XGBoost,GradientBoosting,17353,8664,1.1480491689750694,2.09303666767167,-82.31245875472793,0.9197025860917976
4001110,섬진강댐,우수,예측유입량포함,GradientBoosting,GradientBoosting,17353,8664,1.1480491689750694,1.8450796808434184,-60.71434314007901,0.9364026513920641
4001110,섬진강댐,우수,예측유입량포함,RandomForest,GradientBoosting,17353,8664,1.1480491689750694,3.25208887474433,-183.2708705017974,0.9072006501747728
4001110,섬진강댐,우수,예측유입량포함,XGBoost,GradientBoosting,17353,8664,1.1480491689750694,2.057151406890908,-79.18669883515939,0.9255223985287361
4007110,주암(본)댐,부진,기본변수,GradientBoosting,XGBoost,17319,8695,2.549970327774583,4.698672132372567,-84.26379637417996,0.8630942233202223
4007110,주암(본)댐,부진,기본변수,RandomForest,XGBoost,17319,8695,2.549970327774583,5.182648290312882,-103.24347439900983,0.8662535784726267
4007110,주암(본)댐,부진,기본변수,XGBoost,XGBoost,17319,8695,2.549970327774583,4.481189921934074,-75.73498299664175,0.8838385405267141
4007110,주암(본)댐,부진,예측유입량포함,GradientBoosting,XGBoost,17319,8695,2.549970327774583,4.692242992423374,-84.01167030513648,0.8626067907974
4007110,주암(본)댐,부진,예측유입량포함,RandomForest,XGBoost,17319,8695,2.549970327774583,5.199572476467369,-103.90717569663464,0.8624367238593265
4007110,주암(본)댐,부진,예측유입량포함,XGBoost,XGBoost,17319,8695,2.549970327774583,4.62177623014313,-81.24823570698797,0.878278095739789
4104610,주암(조)댐,양호,기본변수,GradientBoosting,GradientBoosting,17472,8760,6.73137100456621,4.835664602419164,28.162262945558908,0.5969809148088943
4104610,주암(조)댐,양호,기본변수,RandomForest,GradientBoosting,17472,8760,6.73137100456621,4.296992367855419,36.164677820602,0.5743816030510811
4104610,주암(조)댐,양호,기본변수,XGBoost,GradientBoosting,17472,8760,6.73137100456621,5.0192420321687505,25.435070674845296,0.5856320248964859
4104610,주암(조)댐,양호,예측유입량포함,GradientBoosting,GradientBoosting,17472,8760,6.73137100456621,4.889053115651991,27.3691330884078,0.5878882437746231
4104610,주암(조)댐,양호,예측유입량포함,RandomForest,GradientBoosting,17472,8760,6.73137100456621,4.306490080927595,36.023581555580606,0.5763046832764767
4104610,주암(조)댐,양호,예측유입량포함,XGBoost,GradientBoosting,17472,8760,6.73137100456621,4.927115372350458,26.803687257645425,0.5956018726959157
5101110,장흥댐,양호,기본변수,GradientBoosting,RandomForest,17443,8760,0.3066683789954338,0.6494930832173905,-111.79004022030628,0.8168010243556724
5101110,장흥댐,양호,기본변수,RandomForest,RandomForest,17443,8760,0.3066683789954338,0.5702264636595902,-85.94237382005421,0.8651675548665423
5101110,장흥댐,양호,기본변수,XGBoost,RandomForest,17443,8760,0.3066683789954338,0.49917676843465153,-62.77412430646595,0.9213074991718764
5101110,장흥댐,양호,예측유입량포함,GradientBoosting,RandomForest,17443,8760,0.3066683789954338,0.6731084335898817,-119.49065495269208,0.8126455160781824
5101110,장흥댐,양호,예측유입량포함,RandomForest,RandomForest,17443,8760,0.3066683789954338,0.6180356999725543,-101.5322551340569,0.8531410040281107
5101110,장흥댐,양호,예측유입량포함,XGBoost,RandomForest,17443,8760,0.3066683789954338,0.5001565967720395,-63.0936317628909,0.9238830310938447
