train_scope,eval_scope,model,eval_rows,target_mean,target_max,baseline_MAE,baseline_RMSE,baseline_R2,MAE,RMSE,R2
2023_2024_전체학습,2025_전체,Ridge,7778,5.988195808691181,753.346,2.309639110311134,13.049611575390973,0.6175470640024252,2.691488954627491,12.213991308195954,0.6649589334844515
2023_2024_전체학습,2025_강우일,Ridge,2190,13.388744292237444,753.346,5.304164383561643,24.460923637302706,0.5934207301004468,6.483894507338851,22.862104636634605,0.6448335419587639
2023_2024_전체학습,2025_강한강우,Ridge,1334,19.220437781109442,753.346,7.728508995502249,31.27960608593568,0.5747186991778804,9.408000939546804,29.11977441330862,0.6314217109480006
2023_2024_전체학습,2025_장마철,Ridge,2655,10.886660263653484,753.346,4.18823352165725,22.121684770332617,0.5974117373363292,5.036268152538482,20.66749383131231,0.6486011438139802
2023_2024_전체학습,2025_유입량증가상위5퍼센트,Ridge,371,31.45563611859838,753.346,16.748733153638813,52.04273547514436,0.5461693940268657,15.701085644126225,50.80041649491041,0.5675776874308051
2023_2024_전체학습,2025_유입량상위5퍼센트,Ridge,382,58.78225130890052,753.346,22.641628272251307,58.31080895749506,0.42544519102066813,21.940636565666317,53.47558374410046,0.5167805584386052
2023_2024_전체학습,2025_강한강우_그리고_유입량증가상위5퍼센트,Ridge,202,52.54391089108911,753.346,27.71221782178218,70.43861107607626,0.502513703035907,25.625264878261365,68.73634051245746,0.5262683851574393
2023_2024_전체학습,2025_전체,RandomForest,7778,5.988195808691181,753.346,2.309639110311134,13.049611575390973,0.6175470640024252,2.4083971192942184,12.87059917815217,0.627967945711397
2023_2024_전체학습,2025_강우일,RandomForest,2190,13.388744292237444,753.346,5.304164383561643,24.460923637302706,0.5934207301004468,6.193230103651265,24.170656377820215,0.603012880074946
2023_2024_전체학습,2025_강한강우,RandomForest,1334,19.220437781109442,753.346,7.728508995502249,31.27960608593568,0.5747186991778804,9.419059962651783,30.941108392404722,0.5838734060881494
2023_2024_전체학습,2025_장마철,RandomForest,2655,10.886660263653484,753.346,4.18823352165725,22.121684770332617,0.5974117373363292,4.772026072551588,21.651611576622244,0.6143394955997279
2023_2024_전체학습,2025_유입량증가상위5퍼센트,RandomForest,371,31.45563611859838,753.346,16.748733153638813,52.04273547514436,0.5461693940268657,13.546424812262224,42.151791435100236,0.7022816368509857
2023_2024_전체학습,2025_유입량상위5퍼센트,RandomForest,382,58.78225130890052,753.346,22.641628272251307,58.31080895749506,0.42544519102066813,26.70807002021056,57.000645124330084,0.45097404893936743
2023_2024_전체학습,2025_강한강우_그리고_유입량증가상위5퍼센트,RandomForest,202,52.54391089108911,753.346,27.71221782178218,70.43861107607626,0.502513703035907,22.715091650143975,57.05227073790847,0.6736336127859801
2023_2024_전체학습,2025_전체,ExtraTrees,7778,5.988195808691181,753.346,2.309639110311134,13.049611575390973,0.6175470640024252,2.5254948381217632,13.001639745647314,0.6203537750335709
2023_2024_전체학습,2025_강우일,ExtraTrees,2190,13.388744292237444,753.346,5.304164383561643,24.460923637302706,0.5934207301004468,6.613987306914546,24.421935493951093,0.5947157864985217
2023_2024_전체학습,2025_강한강우,ExtraTrees,1334,19.220437781109442,753.346,7.728508995502249,31.27960608593568,0.5747186991778804,10.065002170364819,31.244764298468752,0.575665597815273
2023_2024_전체학습,2025_장마철,ExtraTrees,2655,10.886660263653484,753.346,4.18823352165725,22.121684770332617,0.5974117373363292,5.024900587720121,21.736295335508263,0.6113168061036556
2023_2024_전체학습,2025_유입량증가상위5퍼센트,ExtraTrees,371,31.45563611859838,753.346,16.748733153638813,52.04273547514436,0.5461693940268657,13.827472605801566,44.02605891523106,0.675217089013647
2023_2024_전체학습,2025_유입량상위5퍼센트,ExtraTrees,382,58.78225130890052,753.346,22.641628272251307,58.31080895749506,0.42544519102066813,29.267955090226874,57.85188503191275,0.4344534467428547
2023_2024_전체학습,2025_강한강우_그리고_유입량증가상위5퍼센트,ExtraTrees,202,52.54391089108911,753.346,27.71221782178218,70.43861107607626,0.502513703035907,23.24508251452145,59.597117006912335,0.6438687715077416
2023_2024_전체학습,2025_전체,GradientBoosting,7778,5.988195808691181,753.346,2.309639110311134,13.049611575390973,0.6175470640024252,2.30043032955187,12.88760102209568,0.6269844004074132
2023_2024_전체학습,2025_강우일,GradientBoosting,2190,13.388744292237444,753.346,5.304164383561643,24.460923637302706,0.5934207301004468,5.5927128665580055,24.012217846092298,0.6082003195216236
2023_2024_전체학습,2025_강한강우,GradientBoosting,1334,19.220437781109442,753.346,7.728508995502249,31.27960608593568,0.5747186991778804,8.399131949037578,30.733245982176047,0.5894457037534448
2023_2024_전체학습,2025_장마철,GradientBoosting,2655,10.886660263653484,753.346,4.18823352165725,22.121684770332617,0.5974117373363292,4.432717857971284,21.624769000864788,0.615295147722946
2023_2024_전체학습,2025_유입량증가상위5퍼센트,GradientBoosting,371,31.45563611859838,753.346,16.748733153638813,52.04273547514436,0.5461693940268657,14.22362753797902,44.39570231013245,0.6697404305203634
2023_2024_전체학습,2025_유입량상위5퍼센트,GradientBoosting,382,58.78225130890052,753.346,22.641628272251307,58.31080895749506,0.42544519102066813,25.26284219570624,57.492175609617426,0.4414644534315739
2023_2024_전체학습,2025_강한강우_그리고_유입량증가상위5퍼센트,GradientBoosting,202,52.54391089108911,753.346,27.71221782178218,70.43861107607626,0.502513703035907,23.797210802299183,60.08933181367064,0.6379618770597927
2023_2024_전체학습,2025_전체,XGBoost,7778,5.988195808691181,753.346,2.309639110311134,13.049611575390973,0.6175470640024252,2.895227678737869,18.72037772038559,0.21293238388463465
2023_2024_전체학습,2025_강우일,XGBoost,2190,13.388744292237444,753.346,5.304164383561643,24.460923637302706,0.5934207301004468,7.834645271084401,35.211078210882214,0.1575227621258789
2023_2024_전체학습,2025_강한강우,XGBoost,1334,19.220437781109442,753.346,7.728508995502249,31.27960608593568,0.5747186991778804,11.92747523093062,45.058596140374945,0.11751150866178506
2023_2024_전체학습,2025_장마철,XGBoost,2655,10.886660263653484,753.346,4.18823352165725,22.121684770332617,0.5974117373363292,6.025015375005857,31.552300264459447,0.18099460500675435
2023_2024_전체학습,2025_유입량증가상위5퍼센트,XGBoost,371,31.45563611859838,753.346,16.748733153638813,52.04273547514436,0.5461693940268657,16.724858784044045,52.67316654517683,0.5351076451239083
2023_2024_전체학습,2025_유입량상위5퍼센트,XGBoost,382,58.78225130890052,753.346,22.641628272251307,58.31080895749506,0.42544519102066813,35.435764975727544,83.81582697955483,-0.18709479227620562
2023_2024_전체학습,2025_강한강우_그리고_유입량증가상위5퍼센트,XGBoost,202,52.54391089108911,753.346,27.71221782178218,70.43861107607626,0.502513703035907,28.47093164738718,71.32292772484989,0.48994397806605083
2023_2024_전체학습,2025_전체,MLP,7778,5.988195808691181,753.346,2.309639110311134,13.049611575390973,0.6175470640024252,3.5950936016865733,16.651588542567236,0.3772780541874997
2023_2024_전체학습,2025_강우일,MLP,2190,13.388744292237444,753.346,5.304164383561643,24.460923637302706,0.5934207301004468,9.37063697406895,31.24254342121051,0.33672704061840764
2023_2024_전체학습,2025_강한강우,MLP,1334,19.220437781109442,753.346,7.728508995502249,31.27960608593568,0.5747186991778804,13.49741674979969,39.44697247147392,0.3236350540713606
2023_2024_전체학습,2025_장마철,MLP,2655,10.886660263653484,753.346,4.18823352165725,22.121684770332617,0.5974117373363292,7.025461682197958,27.90604685366546,0.3593492361337003
2023_2024_전체학습,2025_유입량증가상위5퍼센트,MLP,371,31.45563611859838,753.346,16.748733153638813,52.04273547514436,0.5461693940268657,16.373813367584415,45.25732474895553,0.6567968178797066
2023_2024_전체학습,2025_유입량상위5퍼센트,MLP,382,58.78225130890052,753.346,22.641628272251307,58.31080895749506,0.42544519102066813,33.94864930989888,72.91783700572716,0.10153557451554374
2023_2024_전체학습,2025_강한강우_그리고_유입량증가상위5퍼센트,MLP,202,52.54391089108911,753.346,27.71221782178218,70.43861107607626,0.502513703035907,26.433136369180776,61.18293208263547,0.6246640816035693
2023_2024_강우장마철학습,2025_전체,Ridge,7778,5.988195808691181,753.346,2.309639110311134,13.049611575390973,0.6175470640024252,2.8040058322977974,12.230627435713945,0.6640456232213336
2023_2024_강우장마철학습,2025_강우일,Ridge,2190,13.388744292237444,753.346,5.304164383561643,24.460923637302706,0.5934207301004468,6.486108042625492,22.861687453275348,0.6448465038611373
2023_2024_강우장마철학습,2025_강한강우,Ridge,1334,19.220437781109442,753.346,7.728508995502249,31.27960608593568,0.5747186991778804,9.371451266411913,29.10796473207176,0.6317206081436746
2023_2024_강우장마철학습,2025_장마철,Ridge,2655,10.886660263653484,753.346,4.18823352165725,22.121684770332617,0.5974117373363292,5.09838102027716,20.67225082305536,0.6484393637892263
2023_2024_강우장마철학습,2025_유입량증가상위5퍼센트,Ridge,371,31.45563611859838,753.346,16.748733153638813,52.04273547514436,0.5461693940268657,15.997173288847705,50.75674861924442,0.5683207855868881
2023_2024_강우장마철학습,2025_유입량상위5퍼센트,Ridge,382,58.78225130890052,753.346,22.641628272251307,58.31080895749506,0.42544519102066813,22.129728721926345,53.52397122815269,0.515905678730692
2023_2024_강우장마철학습,2025_강한강우_그리고_유입량증가상위5퍼센트,Ridge,202,52.54391089108911,753.346,27.71221782178218,70.43861107607626,0.502513703035907,25.66630565688318,68.64503455959738,0.5275261125136352
2023_2024_강우장마철학습,2025_전체,RandomForest,7778,5.988195808691181,753.346,2.309639110311134,13.049611575390973,0.6175470640024252,2.3992320966650644,12.71659082637606,0.636818076653697
2023_2024_강우장마철학습,2025_강우일,RandomForest,2190,13.388744292237444,753.346,5.304164383561643,24.460923637302706,0.5934207301004468,6.124655152548184,23.874747997518853,0.6126735811846185
2023_2024_강우장마철학습,2025_강한강우,RandomForest,1334,19.220437781109442,753.346,7.728508995502249,31.27960608593568,0.5747186991778804,9.292643153528166,30.56179507121983,0.5940136278042646
2023_2024_강우장마철학습,2025_장마철,RandomForest,2655,10.886660263653484,753.346,4.18823352165725,22.121684770332617,0.5974117373363292,4.743528623427767,21.43877704201394,0.6218842866931077
2023_2024_강우장마철학습,2025_유입량증가상위5퍼센트,RandomForest,371,31.45563611859838,753.346,16.748733153638813,52.04273547514436,0.5461693940268657,13.34653221934636,42.05374719533674,0.7036650002811861
2023_2024_강우장마철학습,2025_유입량상위5퍼센트,RandomForest,382,58.78225130890052,753.346,22.641628272251307,58.31080895749506,0.42544519102066813,26.187119080399444,56.171830671714865,0.46682412911166404
2023_2024_강우장마철학습,2025_강한강우_그리고_유입량증가상위5퍼센트,RandomForest,202,52.54391089108911,753.346,27.71221782178218,70.43861107607626,0.502513703035907,22.410563239513674,56.92172886847028,0.6751254284803432
2023_2024_강우장마철학습,2025_전체,ExtraTrees,7778,5.988195808691181,753.346,2.309639110311134,13.049611575390973,0.6175470640024252,2.4945821702722784,12.704524184675748,0.6375069888001019
2023_2024_강우장마철학습,2025_강우일,ExtraTrees,2190,13.388744292237444,753.346,5.304164383561643,24.460923637302706,0.5934207301004468,6.506963535129375,23.858589040324606,0.613197705919123
2023_2024_강우장마철학습,2025_강한강우,ExtraTrees,1334,19.220437781109442,753.346,7.728508995502249,31.27960608593568,0.5747186991778804,9.884936580559721,30.519651967850397,0.5951325234086283
2023_2024_강우장마철학습,2025_장마철,ExtraTrees,2655,10.886660263653484,753.346,4.18823352165725,22.121684770332617,0.5974117373363292,4.966870324310524,21.249057302035766,0.6285468500739548
2023_2024_강우장마철학습,2025_유입량증가상위5퍼센트,ExtraTrees,371,31.45563611859838,753.346,16.748733153638813,52.04273547514436,0.5461693940268657,13.871643549505839,42.831413162288555,0.6926038978044535
2023_2024_강우장마철학습,2025_유입량상위5퍼센트,ExtraTrees,382,58.78225130890052,753.346,22.641628272251307,58.31080895749506,0.42544519102066813,28.80089533403141,56.57851646376595,0.45907576146927787
2023_2024_강우장마철학습,2025_강한강우_그리고_유입량증가상위5퍼센트,ExtraTrees,202,52.54391089108911,753.346,27.71221782178218,70.43861107607626,0.502513703035907,23.363603180198016,57.9764969514389,0.6629739294267956
2023_2024_강우장마철학습,2025_전체,GradientBoosting,7778,5.988195808691181,753.346,2.309639110311134,13.049611575390973,0.6175470640024252,2.279130594488882,11.916488805044818,0.6810816944933655
2023_2024_강우장마철학습,2025_강우일,GradientBoosting,2190,13.388744292237444,753.346,5.304164383561643,24.460923637302706,0.5934207301004468,5.508133538016004,22.351630117136274,0.6605170777435341
2023_2024_강우장마철학습,2025_강한강우,GradientBoosting,1334,19.220437781109442,753.346,7.728508995502249,31.27960608593568,0.5747186991778804,8.23244537085086,28.600943635708308,0.6444387195944226
2023_2024_강우장마철학습,2025_장마철,GradientBoosting,2655,10.886660263653484,753.346,4.18823352165725,22.121684770332617,0.5974117373363292,4.344902712180178,20.087327849756917,0.668052772356402
2023_2024_강우장마철학습,2025_유입량증가상위5퍼센트,GradientBoosting,371,31.45563611859838,753.346,16.748733153638813,52.04273547514436,0.5461693940268657,14.788501372515531,44.124828014002226,0.6737582031149476
2023_2024_강우장마철학습,2025_유입량상위5퍼센트,GradientBoosting,382,58.78225130890052,753.346,22.641628272251307,58.31080895749506,0.42544519102066813,23.657824867747657,53.16413846234339,0.522392770747874
2023_2024_강우장마철학습,2025_강한강우_그리고_유입량증가상위5퍼센트,GradientBoosting,202,52.54391089108911,753.346,27.71221782178218,70.43861107607626,0.502513703035907,24.881690212309053,59.72403735105068,0.642350294423288
2023_2024_강우장마철학습,2025_전체,XGBoost,7778,5.988195808691181,753.346,2.309639110311134,13.049611575390973,0.6175470640024252,3.716266213795028,26.988122772640143,-0.6357923904379335
2023_2024_강우장마철학습,2025_강우일,XGBoost,2190,13.388744292237444,753.346,5.304164383561643,24.460923637302706,0.5934207301004468,10.651906860119025,50.80788784425069,-0.7541301370714584
2023_2024_강우장마철학습,2025_강한강우,XGBoost,1334,19.220437781109442,753.346,7.728508995502249,31.27960608593568,0.5747186991778804,15.66933215840257,62.21323141967294,-0.6823612494297406
2023_2024_강우장마철학습,2025_장마철,XGBoost,2655,10.886660263653484,753.346,4.18823352165725,22.121684770332617,0.5974117373363292,8.40485565141307,45.895804559675064,-0.7328887615882602
2023_2024_강우장마철학습,2025_유입량증가상위5퍼센트,XGBoost,371,31.45563611859838,753.346,16.748733153638813,52.04273547514436,0.5461693940268657,16.897416859035545,56.579154272610744,0.4636028618079576
2023_2024_강우장마철학습,2025_유입량상위5퍼센트,XGBoost,382,58.78225130890052,753.346,22.641628272251307,58.31080895749506,0.42544519102066813,51.285113389869004,121.38932682632452,-1.4899712751319876
2023_2024_강우장마철학습,2025_강한강우_그리고_유입량증가상위5퍼센트,XGBoost,202,52.54391089108911,753.346,27.71221782178218,70.43861107607626,0.502513703035907,28.941665138501932,76.62479810548435,0.41129429899282044
2023_2024_강우장마철학습,2025_전체,MLP,7778,5.988195808691181,753.346,2.309639110311134,13.049611575390973,0.6175470640024252,3.3204712144861355,12.724837195078026,0.6363468964209866
2023_2024_강우장마철학습,2025_강우일,MLP,2190,13.388744292237444,753.346,5.304164383561643,24.460923637302706,0.5934207301004468,7.778055145019365,23.72937126872396,0.617376191096417
2023_2024_강우장마철학습,2025_강한강우,MLP,1334,19.220437781109442,753.346,7.728508995502249,31.27960608593568,0.5747186991778804,11.090958284830736,30.044968020651286,0.6076287035969339
2023_2024_강우장마철학습,2025_장마철,MLP,2655,10.886660263653484,753.346,4.18823352165725,22.121684770332617,0.5974117373363292,6.071888756281205,21.257688075388188,0.6282450410118723
2023_2024_강우장마철학습,2025_유입량증가상위5퍼센트,MLP,371,31.45563611859838,753.346,16.748733153638813,52.04273547514436,0.5461693940268657,17.877363832354746,46.20144447791289,0.6423282357144657
2023_2024_강우장마철학습,2025_유입량상위5퍼센트,MLP,382,58.78225130890052,753.346,22.641628272251307,58.31080895749506,0.42544519102066813,27.89319475002292,55.40248247675072,0.48132922126073263
2023_2024_강우장마철학습,2025_강한강우_그리고_유입량증가상위5퍼센트,MLP,202,52.54391089108911,753.346,27.71221782178218,70.43861107607626,0.502513703035907,29.094885648309877,62.43340317782465,0.6091648889410641
2023_2024_유입량증가상위5퍼센트학습,2025_전체,Ridge,7778,5.988195808691181,753.346,2.309639110311134,13.049611575390973,0.6175470640024252,10.3229270600047,27.71164727614276,-0.7246759776471661
2023_2024_유입량증가상위5퍼센트학습,2025_강우일,Ridge,2190,13.388744292237444,753.346,5.304164383561643,24.460923637302706,0.5934207301004468,18.35693391230343,50.14205478506449,-0.7084559360589009
2023_2024_유입량증가상위5퍼센트학습,2025_강한강우,Ridge,1334,19.220437781109442,753.346,7.728508995502249,31.27960608593568,0.5747186991778804,24.593694207785802,62.975285225878835,-0.7238283688384965
2023_2024_유입량증가상위5퍼센트학습,2025_장마철,Ridge,2655,10.886660263653484,753.346,4.18823352165725,22.121684770332617,0.5974117373363292,16.708930090411474,45.699242894164136,-0.7180773815471919
2023_2024_유입량증가상위5퍼센트학습,2025_유입량증가상위5퍼센트,Ridge,371,31.45563611859838,753.346,16.748733153638813,52.04273547514436,0.5461693940268657,18.196763591916227,48.2163633661229,0.6104506787754556
2023_2024_유입량증가상위5퍼센트학습,2025_유입량상위5퍼센트,Ridge,382,58.78225130890052,753.346,22.641628272251307,58.31080895749506,0.42544519102066813,65.82640361989287,117.6650840733713,-1.3395296300531379
2023_2024_유입량증가상위5퍼센트학습,2025_강한강우_그리고_유입량증가상위5퍼센트,Ridge,202,52.54391089108911,753.346,27.71221782178218,70.43861107607626,0.502513703035907,30.561466339422875,65.21935336951859,0.5735063864890985
2023_2024_유입량증가상위5퍼센트학습,2025_전체,RandomForest,7778,5.988195808691181,753.346,2.309639110311134,13.049611575390973,0.6175470640024252,10.356166179326996,30.431135203662315,-1.0797883273614537
2023_2024_유입량증가상위5퍼센트학습,2025_강우일,RandomForest,2190,13.388744292237444,753.346,5.304164383561643,24.460923637302706,0.5934207301004468,22.331692086959084,55.07077365526613,-1.060828649693089
2023_2024_유입량증가상위5퍼센트학습,2025_강한강우,RandomForest,1334,19.220437781109442,753.346,7.728508995502249,31.27960608593568,0.5747186991778804,30.520542612230223,66.89131014772633,-0.9448814838973516
2023_2024_유입량증가상위5퍼센트학습,2025_장마철,RandomForest,2655,10.886660263653484,753.346,4.18823352165725,22.121684770332617,0.5974117373363292,17.842156204172213,48.06659799823053,-0.9006908351781882
2023_2024_유입량증가상위5퍼센트학습,2025_유입량증가상위5퍼센트,RandomForest,371,31.45563611859838,753.346,16.748733153638813,52.04273547514436,0.5461693940268657,15.376195243806954,45.4392148391162,0.654032593424825
2023_2024_유입량증가상위5퍼센트학습,2025_유입량상위5퍼센트,RandomForest,382,58.78225130890052,753.346,22.641628272251307,58.31080895749506,0.42544519102066813,97.42449464712683,133.24046155456378,-1.9998917792269828
2023_2024_유입량증가상위5퍼센트학습,2025_강한강우_그리고_유입량증가상위5퍼센트,RandomForest,202,52.54391089108911,753.346,27.71221782178218,70.43861107607626,0.502513703035907,26.82721559119983,61.51517270821689,0.6205766533223115
2023_2024_유입량증가상위5퍼센트학습,2025_전체,ExtraTrees,7778,5.988195808691181,753.346,2.309639110311134,13.049611575390973,0.6175470640024252,9.19033500954034,26.439375893257086,-0.5699478554505311
2023_2024_유입량증가상위5퍼센트학습,2025_강우일,ExtraTrees,2190,13.388744292237444,753.346,5.304164383561643,24.460923637302706,0.5934207301004468,19.55010256670145,48.79015119353748,-0.6175728757096421
2023_2024_유입량증가상위5퍼센트학습,2025_강한강우,ExtraTrees,1334,19.220437781109442,753.346,7.728508995502249,31.27960608593568,0.5747186991778804,26.88094059350324,59.93472543760521,-0.5613877852065121
2023_2024_유입량증가상위5퍼센트학습,2025_장마철,ExtraTrees,2655,10.886660263653484,753.346,4.18823352165725,22.121684770332617,0.5974117373363292,15.832836998780374,43.34156071997029,-0.5453747158455566
2023_2024_유입량증가상위5퍼센트학습,2025_유입량증가상위5퍼센트,ExtraTrees,371,31.45563611859838,753.346,16.748733153638813,52.04273547514436,0.5461693940268657,15.339070241060195,48.53738171683704,0.6052462724895251
2023_2024_유입량증가상위5퍼센트학습,2025_유입량상위5퍼센트,ExtraTrees,382,58.78225130890052,753.346,22.641628272251307,58.31080895749506,0.42544519102066813,79.74667512251305,115.62625025662673,-1.2591559661616487
2023_2024_유입량증가상위5퍼센트학습,2025_강한강우_그리고_유입량증가상위5퍼센트,ExtraTrees,202,52.54391089108911,753.346,27.71221782178218,70.43861107607626,0.502513703035907,27.106187711056105,65.75498973096562,0.5664721683001221
2023_2024_유입량증가상위5퍼센트학습,2025_전체,GradientBoosting,7778,5.988195808691181,753.346,2.309639110311134,13.049611575390973,0.6175470640024252,10.161286714473057,32.191594247837024,-1.3273826875549397
2023_2024_유입량증가상위5퍼센트학습,2025_강우일,GradientBoosting,2190,13.388744292237444,753.346,5.304164383561643,24.460923637302706,0.5934207301004468,22.04170990453394,58.51470007385714,-1.3266416304824968
2023_2024_유입량증가상위5퍼센트학습,2025_강한강우,GradientBoosting,1334,19.220437781109442,753.346,7.728508995502249,31.27960608593568,0.5747186991778804,30.4767945107683,71.73757005056129,-1.236902530967979
2023_2024_유입량증가상위5퍼센트학습,2025_장마철,GradientBoosting,2655,10.886660263653484,753.346,4.18823352165725,22.121684770332617,0.5974117373363292,17.789648150886908,50.49841196707645,-1.0978776306039615
2023_2024_유입량증가상위5퍼센트학습,2025_유입량증가상위5퍼센트,GradientBoosting,371,31.45563611859838,753.346,16.748733153638813,52.04273547514436,0.5461693940268657,16.472856349288666,52.16660148215641,0.5440065145506594
2023_2024_유입량증가상위5퍼센트학습,2025_유입량상위5퍼센트,GradientBoosting,382,58.78225130890052,753.346,22.641628272251307,58.31080895749506,0.42544519102066813,95.75421320797972,140.75025597890988,-2.3475858056529004
2023_2024_유입량증가상위5퍼센트학습,2025_강한강우_그리고_유입량증가상위5퍼센트,GradientBoosting,202,52.54391089108911,753.346,27.71221782178218,70.43861107607626,0.502513703035907,28.782410782241257,70.6658905498666,0.4992981132576081
2023_2024_유입량증가상위5퍼센트학습,2025_전체,XGBoost,7778,5.988195808691181,753.346,2.309639110311134,13.049611575390973,0.6175470640024252,10.515786651563051,39.908446712362824,-2.5769467832332174
2023_2024_유입량증가상위5퍼센트학습,2025_강우일,XGBoost,2190,13.388744292237444,753.346,5.304164383561643,24.460923637302706,0.5934207301004468,23.755883506089585,73.33202941458491,-2.654154754621357
2023_2024_유입량증가상위5퍼센트학습,2025_강한강우,XGBoost,1334,19.220437781109442,753.346,7.728508995502249,31.27960608593568,0.5747186991778804,31.305816717359612,84.2409543194595,-2.0846102217006397
2023_2024_유입량증가상위5퍼센트학습,2025_장마철,XGBoost,2655,10.886660263653484,753.346,4.18823352165725,22.121684770332617,0.5974117373363292,19.27755178053482,65.10725106091124,-2.487252773354782
2023_2024_유입량증가상위5퍼센트학습,2025_유입량증가상위5퍼센트,XGBoost,371,31.45563611859838,753.346,16.748733153638813,52.04273547514436,0.5461693940268657,19.10441361039668,72.6821358171517,0.11482546615538536
2023_2024_유입량증가상위5퍼센트학습,2025_유입량상위5퍼센트,XGBoost,382,58.78225130890052,753.346,22.641628272251307,58.31080895749506,0.42544519102066813,106.03987069734414,175.93141836814033,-4.2302221908734845
2023_2024_유입량증가상위5퍼센트학습,2025_강한강우_그리고_유입량증가상위5퍼센트,XGBoost,202,52.54391089108911,753.346,27.71221782178218,70.43861107607626,0.502513703035907,33.701610640129246,98.45526298590208,0.028064537682141677
2023_2024_유입량증가상위5퍼센트학습,2025_전체,MLP,7778,5.988195808691181,753.346,2.309639110311134,13.049611575390973,0.6175470640024252,7.962640528779884,19.94221756352855,0.10683904544282363
2023_2024_유입량증가상위5퍼센트학습,2025_강우일,MLP,2190,13.388744292237444,753.346,5.304164383561643,24.460923637302706,0.5934207301004468,14.6613168450164,36.32194981294642,0.10352571607815508
2023_2024_유입량증가상위5퍼센트학습,2025_강한강우,MLP,1334,19.220437781109442,753.346,7.728508995502249,31.27960608593568,0.5747186991778804,20.27814879445876,45.63700607680134,0.09470936323777135
2023_2024_유입량증가상위5퍼센트학습,2025_장마철,MLP,2655,10.886660263653484,753.346,4.18823352165725,22.121684770332617,0.5974117373363292,12.766850615941275,32.999372704537485,0.10414838943661575
2023_2024_유입량증가상위5퍼센트학습,2025_유입량증가상위5퍼센트,MLP,371,31.45563611859838,753.346,16.748733153638813,52.04273547514436,0.5461693940268657,17.905996019226407,47.45724051689679,0.6226203191999203
2023_2024_유입량증가상위5퍼센트학습,2025_유입량상위5퍼센트,MLP,382,58.78225130890052,753.346,22.641628272251307,58.31080895749506,0.42544519102066813,50.10711648864914,83.61782665659494,-0.18149280673109347
2023_2024_유입량증가상위5퍼센트학습,2025_강한강우_그리고_유입량증가상위5퍼센트,MLP,202,52.54391089108911,753.346,27.71221782178218,70.43861107607626,0.502513703035907,30.226434568820274,64.21308630629449,0.5865655677556973
