댐코드,댐이름,평가구간,평가건수,유입급증기준값,기준선,기준선_MAE,모델_MAE,개선율(%)
2015110,합천댐,전체,8695,7.8902,현재방류량유지,19.741426106958023,12.785081052045822,35.23729753475299
2015110,합천댐,전체,8695,7.8902,최근3시간평균,20.493092505271235,12.785081052045822,37.612729514799966
2015110,합천댐,전체,8695,7.8902,최근6시간평균,18.623965861606287,12.785081052045822,31.351457863211905
2015110,합천댐,전체,8695,7.8902,최근3시간변화량반영,29.107665669925247,12.785081052045822,56.07658409634793
2015110,합천댐,강우발생,611,7.8902,현재방류량유지,18.716744680851065,14.01230528080951,25.134923194494522
2015110,합천댐,강우발생,611,7.8902,최근3시간평균,18.85664975450083,14.01230528080951,25.69037732980663
2015110,합천댐,강우발생,611,7.8902,최근6시간평균,17.19282951445717,14.01230528080951,18.499132042071427
2015110,합천댐,강우발생,611,7.8902,최근3시간변화량반영,26.704738134206217,14.01230528080951,47.52876732814284
2015110,합천댐,최근24시간누적강우,2478,7.8902,현재방류량유지,18.86448224374496,13.072680382472996,30.70215119841095
2015110,합천댐,최근24시간누적강우,2478,7.8902,최근3시간평균,19.23995453322573,13.072680382472996,32.054515202218326
2015110,합천댐,최근24시간누적강우,2478,7.8902,최근6시간평균,17.220844901802526,13.072680382472996,24.08804296759758
2015110,합천댐,최근24시간누적강우,2478,7.8902,최근3시간변화량반영,27.82072719935432,13.072680382472996,53.01100403020237
2015110,합천댐,유입량급증,870,7.8902,현재방류량유지,25.761166666666668,15.28040198527424,40.68435570875709
2015110,합천댐,유입량급증,870,7.8902,최근3시간평균,26.306627969348664,15.28040198527424,41.91425064786601
2015110,합천댐,유입량급증,870,7.8902,최근6시간평균,23.081025095785442,15.28040198527424,33.796692643151204
2015110,합천댐,유입량급증,870,7.8902,최근3시간변화량반영,32.736545977011495,15.28040198527424,53.32310868713957
2015110,합천댐,방류량변화,4282,7.8902,현재방류량유지,39.8627564222326,15.468265043318537,61.19619807652978
2015110,합천댐,방류량변화,4282,7.8902,최근3시간평균,35.31638284290831,15.468265043318537,56.20087959708865
2015110,합천댐,방류량변화,4282,7.8902,최근6시간평균,26.495354701852715,15.468265043318537,41.618954653070176
2015110,합천댐,방류량변화,4282,7.8902,최근3시간변화량반영,55.09032741709482,15.468265043318537,71.9219947156846
2018110,남강댐,전체,8578,34.5208,현재방류량유지,11.033608650034973,12.284229637531663,-11.334650585896268
2018110,남강댐,전체,8578,34.5208,최근3시간평균,14.267432190875883,12.284229637531663,13.900206616103574
2018110,남강댐,전체,8578,34.5208,최근6시간평균,18.37381829486283,12.284229637531663,33.142749969579086
2018110,남강댐,전체,8578,34.5208,최근3시간변화량반영,16.432041384938216,12.284229637531663,25.242218238377134
2018110,남강댐,강우발생,522,34.5208,현재방류량유지,14.398605363984675,18.117891088067918,-25.83087479698774
2018110,남강댐,강우발생,522,34.5208,최근3시간평균,18.250975095785442,18.117891088067918,0.729188479076149
2018110,남강댐,강우발생,522,34.5208,최근6시간평균,23.8572496807152,18.117891088067918,24.057083986871472
2018110,남강댐,강우발생,522,34.5208,최근3시간변화량반영,19.649547892720307,18.117891088067918,7.794870462235071
2018110,남강댐,최근24시간누적강우,2072,34.5208,현재방류량유지,10.57096138996139,14.964000505790192,-41.55761196896064
2018110,남강댐,최근24시간누적강우,2072,34.5208,최근3시간평균,13.775951898326898,14.964000505790192,-8.624076334119486
2018110,남강댐,최근24시간누적강우,2072,34.5208,최근6시간평균,18.265473616473617,14.964000505790192,18.07493843305453
2018110,남강댐,최근24시간누적강우,2072,34.5208,최근3시간변화량반영,15.604642374517375,14.964000505790192,4.10545691052402
2018110,남강댐,유입량급증,858,34.5208,현재방류량유지,11.921037296037296,13.230313892855103,-10.982908318330876
2018110,남강댐,유입량급증,858,34.5208,최근3시간평균,14.785935897435897,13.230313892855103,10.520957316273517
2018110,남강댐,유입량급증,858,34.5208,최근6시간평균,20.012849261849265,13.230313892855103,33.89090319050067
2018110,남강댐,유입량급증,858,34.5208,최근3시간변화량반영,18.200195804195804,13.230313892855103,27.3067496899949
2018110,남강댐,방류량변화,2211,34.5208,현재방류량유지,41.74720759837178,26.725669986417458,35.98213743172655
2018110,남강댐,방류량변화,2211,34.5208,최근3시간평균,43.94886506859641,26.725669986417458,39.18916917489585
2018110,남강댐,방류량변화,2211,34.5208,최근6시간평균,43.374470601537766,26.725669986417458,38.38387047548208
2018110,남강댐,방류량변화,2211,34.5208,최근3시간변화량반영,44.31013568521031,26.725669986417458,39.68497371282512
3001110,용담댐,전체,8668,16.458299999999998,현재방류량유지,0.8429194739270882,1.4542415194438798,-72.52437088310411
3001110,용담댐,전체,8668,16.458299999999998,최근3시간평균,0.9131865866789722,1.4542415194438798,-59.24911082329702
3001110,용담댐,전체,8668,16.458299999999998,최근6시간평균,1.0070263613290262,1.4542415194438798,-44.409478767233054
3001110,용담댐,전체,8668,16.458299999999998,최근3시간변화량반영,1.5269841947392708,1.4542415194438798,4.76381324351636
3001110,용담댐,강우발생,618,16.458299999999998,현재방류량유지,1.3244886731391585,3.707103414010848,-179.8894010338855
3001110,용담댐,강우발생,618,16.458299999999998,최근3시간평균,1.6806742179072285,3.707103414010848,-120.57239734580591
3001110,용담댐,강우발생,618,16.458299999999998,최근6시간평균,2.161033710895361,3.707103414010848,-71.54306271672726
3001110,용담댐,강우발생,618,16.458299999999998,최근3시간변화량반영,1.7142734627831715,3.707103414010848,-116.24924462123217
3001110,용담댐,최근24시간누적강우,2739,16.458299999999998,현재방류량유지,1.0439722526469515,2.5724749822710584,-146.41219876760584
3001110,용담댐,최근24시간누적강우,2739,16.458299999999998,최근3시간평균,1.2336390410125357,2.5724749822710584,-108.52736471112688
3001110,용담댐,최근24시간누적강우,2739,16.458299999999998,최근6시간평균,1.4951260192284288,2.5724749822710584,-72.05740179671302
3001110,용담댐,최근24시간누적강우,2739,16.458299999999998,최근3시간변화량반영,1.6909740781307048,2.5724749822710584,-52.12977038150773
3001110,용담댐,유입량급증,867,16.458299999999998,현재방류량유지,0.9617716262975777,2.4725677182330665,-157.08470187994917
3001110,용담댐,유입량급증,867,16.458299999999998,최근3시간평균,1.0770000000000004,2.4725677182330665,-129.57917532340443
3001110,용담댐,유입량급증,867,16.458299999999998,최근6시간평균,1.2263779315647827,2.4725677182330665,-101.61547713747771
3001110,용담댐,유입량급증,867,16.458299999999998,최근3시간변화량반영,1.4676447520184548,2.4725677182330665,-68.4718127348283
3001110,용담댐,방류량변화,486,16.458299999999998,현재방류량유지,10.163386831275721,7.247694613484199,28.688194852714677
3001110,용담댐,방류량변화,486,16.458299999999998,최근3시간평균,8.334806584362141,7.247694613484199,13.043037770277651
3001110,용담댐,방류량변화,486,16.458299999999998,최근6시간평균,7.666115912208505,7.247694613484199,5.4580612074748105
3001110,용담댐,방류량변화,486,16.458299999999998,최근3시간변화량반영,13.460172839506173,7.247694613484199,46.15452045153603
4001110,섬진강댐,전체,8664,16.496000000000002,현재방류량유지,1.1480491689750694,1.8450796808434187,-60.71434314007903
4001110,섬진강댐,전체,8664,16.496000000000002,최근3시간평균,1.4414530240073873,1.8450796808434187,-28.001374315613
4001110,섬진강댐,전체,8664,16.496000000000002,최근6시간평균,1.8262983995075408,1.8450796808434187,-1.028379663528272
4001110,섬진강댐,전체,8664,16.496000000000002,최근3시간변화량반영,1.8582363804247461,1.8450796808434187,0.7080207728104101
4001110,섬진강댐,강우발생,673,16.496000000000002,현재방류량유지,1.429665676077266,3.0159148301488528,-110.95245417263962
4001110,섬진강댐,강우발생,673,16.496000000000002,최근3시간평균,1.9472867756315009,3.0159148301488528,-54.877795499371075
4001110,섬진강댐,강우발생,673,16.496000000000002,최근6시간평균,2.751866518078257,3.0159148301488528,-9.59524418557161
4001110,섬진강댐,강우발생,673,16.496000000000002,최근3시간변화량반영,2.6627518573551265,3.0159148301488528,-13.263082394185915
4001110,섬진강댐,최근24시간누적강우,2738,16.496000000000002,현재방류량유지,1.6939777209642077,2.831946191835845,-67.17729854344887
4001110,섬진강댐,최근24시간누적강우,2738,16.496000000000002,최근3시간평균,2.178744460676893,2.831946191835845,-29.98064908245434
4001110,섬진강댐,최근24시간누적강우,2738,16.496000000000002,최근6시간평균,2.86829321889457,2.831946191835845,1.267200536517434
4001110,섬진강댐,최근24시간누적강우,2738,16.496000000000002,최근3시간변화량반영,2.8926621621621624,2.831946191835845,2.0989651373921436
4001110,섬진강댐,유입량급증,867,16.496000000000002,현재방류량유지,1.8242895040369087,2.774331017885742,-52.07734363139832
4001110,섬진강댐,유입량급증,867,16.496000000000002,최근3시간평균,2.2480634371395602,2.774331017885742,-23.40981896026054
4001110,섬진강댐,유입량급증,867,16.496000000000002,최근6시간평균,2.6694686658977314,2.774331017885742,-3.928210633360094
4001110,섬진강댐,유입량급증,867,16.496000000000002,최근3시간변화량반영,2.728852364475202,2.774331017885742,-1.6665853383125853
4001110,섬진강댐,방류량변화,522,16.496000000000002,현재방류량유지,16.350726053639846,17.12466796171865,-4.733379456911127
4001110,섬진강댐,방류량변화,522,16.496000000000002,최근3시간평균,17.42351660280971,17.12466796171865,1.71520277968953
4001110,섬진강댐,방류량변화,522,16.496000000000002,최근6시간평균,17.942094508301402,17.12466796171865,4.5559148415172315
4001110,섬진강댐,방류량변화,522,16.496000000000002,최근3시간변화량반영,16.597862068965515,17.12466796171865,-3.1739382491805994
